Segment,Country,Product,Discount Band,Units Sold,Manufacturing Price,Sale Price,Gross Sales,Sales,COGS,Profit,Date,Month Number,Month Name,Year
Government,Canada,Carretera,None,1618.5,300,2000,3237000,3237000,1618500,16185,01-01-2014,1,January,2014
Government,Germany,Carretera,None,1321,300,2000,2642000,2642000,1321000,13210,01-01-2014,1,January,2014
Midmarket,France,Carretera,None,2178,300,1500,3267000,3267000,2178000,10890,06-01-2014,6,June,2014
Midmarket,Germany,Carretera,None,888,300,1500,1332000,1332000,888000,4440,06-01-2014,6,June,2014
Midmarket,Mexico,Carretera,None,2470,300,1500,3705000,3705000,2470000,12350,06-01-2014,6,June,2014
Government,Germany,Carretera,None,1513,300,35000,52955000,52955000,39338000,136170,12-01-2014,12,December,2014
Midmarket,Germany,Montana,None,921,500,1500,1381500,1381500,921000,4605,03-01-2014,3,March,2014
Channel Partners,Canada,Montana,None,2518,500,1200,3021600,3021600,755400,22662,06-01-2014,6,June,2014
Government,France,Montana,None,1899,500,2000,3798000,3798000,1899000,18990,06-01-2014,6,June,2014
Channel Partners,Germany,Montana,None,1545,500,1200,1854000,1854000,463500,13905,06-01-2014,6,June,2014
Midmarket,Mexico,Montana,None,2470,500,1500,3705000,3705000,2470000,12350,06-01-2014,6,June,2014
Enterprise,Canada,Montana,None,2665.5,500,12500,33318750,33318750,31986000,13327.5,07-01-2014,7,July,2014
Small Business,Mexico,Montana,None,958,500,30000,28740000,28740000,23950000,47900,08-01-2014,8,August,2014
Government,Germany,Montana,None,2146,500,700,1502200,1502200,1073000,4292,09-01-2014,9,September,2014
Enterprise,Canada,Montana,None,345,500,12500,4312500,4312500,4140000,1725,10-01-2013,10,October,2013
Midmarket,United States of America,Montana,None,615,500,1500,922500,922500,615000,3075,12-01-2014,12,December,2014
Government,Canada,Paseo,None,292,1000,2000,584000,584000,292000,2920,02-01-2014,2,February,2014
Midmarket,Mexico,Paseo,None,974,1000,1500,1461000,1461000,974000,4870,02-01-2014,2,February,2014
Channel Partners,Canada,Paseo,None,2518,1000,1200,3021600,3021600,755400,22662,06-01-2014,6,June,2014
Government,Germany,Paseo,None,1006,1000,35000,35210000,35210000,26156000,90540,06-01-2014,6,June,2014
Channel Partners,Germany,Paseo,None,367,1000,1200,440400,440400,110100,3303,07-01-2014,7,July,2014
Government,Mexico,Paseo,None,883,1000,700,618100,618100,441500,1766,08-01-2014,8,August,2014
Midmarket,France,Paseo,None,549,1000,1500,823500,823500,549000,2745,09-01-2013,9,September,2013
Small Business,Mexico,Paseo,None,788,1000,30000,23640000,23640000,19700000,39400,09-01-2013,9,September,2013
Midmarket,Mexico,Paseo,None,2472,1000,1500,3708000,3708000,2472000,12360,09-01-2014,9,September,2014
Government,United States of America,Paseo,None,1143,1000,700,800100,800100,571500,2286,10-01-2014,10,October,2014
Government,Canada,Paseo,None,1725,1000,35000,60375000,60375000,44850000,155250,11-01-2013,11,November,2013
Channel Partners,United States of America,Paseo,None,912,1000,1200,1094400,1094400,273600,8208,11-01-2013,11,November,2013
Midmarket,Canada,Paseo,None,2152,1000,1500,3228000,3228000,2152000,10760,12-01-2013,12,December,2013
Government,Canada,Paseo,None,1817,1000,2000,3634000,3634000,1817000,18170,12-01-2014,12,December,2014
Government,Germany,Paseo,None,1513,1000,35000,52955000,52955000,39338000,136170,12-01-2014,12,December,2014
Government,Mexico,Velo,None,1493,12000,700,1045100,1045100,746500,2986,01-01-2014,1,January,2014
Enterprise,France,Velo,None,1804,12000,12500,22550000,22550000,21648000,9020,02-01-2014,2,February,2014
Channel Partners,Germany,Velo,None,2161,12000,1200,2593200,2593200,648300,19449,03-01-2014,3,March,2014
Government,Germany,Velo,None,1006,12000,35000,35210000,35210000,26156000,90540,06-01-2014,6,June,2014
Channel Partners,Germany,Velo,None,1545,12000,1200,1854000,1854000,463500,13905,06-01-2014,6,June,2014
Enterprise,United States of America,Velo,None,2821,12000,12500,35262500,35262500,33852000,14105,08-01-2014,8,August,2014
Enterprise,Canada,Velo,None,345,12000,12500,4312500,4312500,4140000,1725,10-01-2013,10,October,2013
Small Business,Canada,VTT,None,2001,25000,30000,60030000,60030000,50025000,100050,02-01-2014,2,February,2014
Channel Partners,Germany,VTT,None,2838,25000,1200,3405600,3405600,851400,25542,04-01-2014,4,April,2014
Midmarket,France,VTT,None,2178,25000,1500,3267000,3267000,2178000,10890,06-01-2014,6,June,2014
Midmarket,Germany,VTT,None,888,25000,1500,1332000,1332000,888000,4440,06-01-2014,6,June,2014
Government,France,VTT,None,1527,25000,35000,53445000,53445000,39702000,137430,09-01-2013,9,September,2013
Small Business,France,VTT,None,2151,25000,30000,64530000,64530000,53775000,107550,09-01-2014,9,September,2014
Government,Canada,VTT,None,1817,25000,2000,3634000,3634000,1817000,18170,12-01-2014,12,December,2014
Government,France,Amarilla,None,2750,26000,35000,96250000,96250000,71500000,247500,02-01-2014,2,February,2014
Channel Partners,United States of America,Amarilla,None,1953,26000,1200,2343600,2343600,585900,17577,04-01-2014,4,April,2014
Enterprise,Germany,Amarilla,None,4219.5,26000,12500,52743750,52743750,50634000,21097.5,04-01-2014,4,April,2014
Government,France,Amarilla,None,1899,26000,2000,3798000,3798000,1899000,18990,06-01-2014,6,June,2014
Government,Germany,Amarilla,None,1686,26000,700,1180200,1180200,843000,3372,07-01-2014,7,July,2014
Channel Partners,United States of America,Amarilla,None,2141,26000,1200,2569200,2569200,642300,19269,08-01-2014,8,August,2014
Government,United States of America,Amarilla,None,1143,26000,700,800100,800100,571500,2286,10-01-2014,10,October,2014
Midmarket,United States of America,Amarilla,None,615,26000,1500,922500,922500,615000,3075,12-01-2014,12,December,2014
Government,France,Paseo,Low,3945,1000,700,2761500,2733885,1972500,7613.85,01-01-2014,1,January,2014
Midmarket,France,Paseo,Low,2296,1000,1500,3444000,3409560,2296000,11135.6,02-01-2014,2,February,2014
Government,France,Paseo,Low,1030,1000,700,721000,713790,515000,1987.9,05-01-2014,5,May,2014
Government,France,Velo,Low,639,12000,700,447300,442827,319500,1233.27,11-01-2014,11,November,2014
Government,Canada,VTT,Low,1326,25000,700,928200,918918,663000,2559.18,03-01-2014,3,March,2014
Channel Partners,United States of America,Carretera,Low,1858,300,1200,2229600,2207304,557400,16499.04,02-01-2014,2,February,2014
Government,Mexico,Carretera,Low,1210,300,35000,42350000,41926500,31460000,104665,03-01-2014,3,March,2014
Government,United States of America,Carretera,Low,2529,300,700,1770300,1752597,1264500,4880.97,07-01-2014,7,July,2014
Channel Partners,Canada,Carretera,Low,1445,300,1200,1734000,1716660,433500,12831.6,09-01-2014,9,September,2014
Enterprise,United States of America,Carretera,Low,330,300,12500,4125000,4083750,3960000,1237.5,09-01-2013,9,September,2013
Channel Partners,France,Carretera,Low,2671,300,1200,3205200,3173148,801300,23718.48,09-01-2014,9,September,2014
Channel Partners,Germany,Carretera,Low,766,300,1200,919200,910008,229800,6802.08,10-01-2013,10,October,2013
Small Business,Mexico,Carretera,Low,494,300,30000,14820000,14671800,12350000,23218,10-01-2013,10,October,2013
Government,Mexico,Carretera,Low,1397,300,35000,48895000,48406050,36322000,120840.5,10-01-2014,10,October,2014
Government,France,Carretera,Low,2155,300,35000,75425000,74670750,56030000,186407.5,12-01-2014,12,December,2014
Midmarket,Mexico,Montana,Low,2214,500,1500,3321000,3287790,2214000,10737.9,03-01-2014,3,March,2014
Small Business,United States of America,Montana,Low,2301,500,30000,69030000,68339700,57525000,108147,04-01-2014,4,April,2014
Government,France,Montana,Low,1375.5,500,2000,2751000,2723490,1375500,13479.9,07-01-2014,7,July,2014
Government,Canada,Montana,Low,1830,500,700,1281000,1268190,915000,3531.9,08-01-2014,8,August,2014
Small Business,United States of America,Montana,Low,2498,500,30000,74940000,74190600,62450000,117406,09-01-2013,9,September,2013
Enterprise,United States of America,Montana,Low,663,500,12500,8287500,8204625,7956000,2486.25,10-01-2013,10,October,2013
Midmarket,United States of America,Paseo,Low,1514,1000,1500,2271000,2248290,1514000,7342.9,02-01-2014,2,February,2014
Government,United States of America,Paseo,Low,4492.5,1000,700,3144750,3113303,2246250,8670.53,04-01-2014,4,April,2014
Enterprise,United States of America,Paseo,Low,727,1000,12500,9087500,8996625,8724000,2726.25,06-01-2014,6,June,2014
Enterprise,France,Paseo,Low,787,1000,12500,9837500,9739125,9444000,2951.25,06-01-2014,6,June,2014
Enterprise,Mexico,Paseo,Low,1823,1000,12500,22787500,22559625,21876000,6836.25,07-01-2014,7,July,2014
Midmarket,Germany,Paseo,Low,747,1000,1500,1120500,1109295,747000,3622.95,09-01-2014,9,September,2014
Channel Partners,Germany,Paseo,Low,766,1000,1200,919200,910008,229800,6802.08,10-01-2013,10,October,2013
Small Business,United States of America,Paseo,Low,2905,1000,30000,87150000,86278500,72625000,136535,11-01-2014,11,November,2014
Government,France,Paseo,Low,2155,1000,35000,75425000,74670750,56030000,186407.5,12-01-2014,12,December,2014
Government,France,Velo,Low,3864,12000,2000,7728000,7650720,3864000,37867.2,04-01-2014,4,April,2014
Government,Mexico,Velo,Low,362,12000,700,253400,250866,181000,698.66,05-01-2014,5,May,2014
Enterprise,Canada,Velo,Low,923,12000,12500,11537500,11422125,11076000,3461.25,08-01-2014,8,August,2014
Enterprise,United States of America,Velo,Low,663,12000,12500,8287500,8204625,7956000,2486.25,10-01-2013,10,October,2013
Government,Canada,Velo,Low,2092,12000,700,1464400,1449756,1046000,4037.56,11-01-2013,11,November,2013
Government,Germany,VTT,Low,263,25000,700,184100,182259,131500,507.59,03-01-2014,3,March,2014
Government,Canada,VTT,Low,943.5,25000,35000,33022500,32692275,24531000,81612.75,04-01-2014,4,April,2014
Enterprise,United States of America,VTT,Low,727,25000,12500,9087500,8996625,8724000,2726.25,06-01-2014,6,June,2014
Enterprise,France,VTT,Low,787,25000,12500,9837500,9739125,9444000,2951.25,06-01-2014,6,June,2014
Small Business,Germany,VTT,Low,986,25000,30000,29580000,29284200,24650000,46342,09-01-2014,9,September,2014
Small Business,Mexico,VTT,Low,494,25000,30000,14820000,14671800,12350000,23218,10-01-2013,10,October,2013
Government,Mexico,VTT,Low,1397,25000,35000,48895000,48406050,36322000,120840.5,10-01-2014,10,October,2014
Enterprise,France,VTT,Low,1744,25000,12500,21800000,21582000,20928000,6540,11-01-2014,11,November,2014
Channel Partners,United States of America,Amarilla,Low,1989,26000,1200,2386800,2362932,596700,17662.32,09-01-2013,9,September,2013
Midmarket,France,Amarilla,Low,321,26000,1500,481500,476685,321000,1556.85,11-01-2013,11,November,2013
Enterprise,Canada,Carretera,Low,742.5,300,12500,9281250,9095625,8910000,1856.25,04-01-2014,4,April,2014
Channel Partners,Canada,Carretera,Low,1295,300,1200,1554000,1522920,388500,11344.2,10-01-2014,10,October,2014
Small Business,Germany,Carretera,Low,214,300,30000,6420000,6291600,5350000,9416,10-01-2013,10,October,2013
Government,France,Carretera,Low,2145,300,700,1501500,1471470,1072500,3989.7,11-01-2013,11,November,2013
Government,Canada,Carretera,Low,2852,300,35000,99820000,97823600,74152000,236716,12-01-2014,12,December,2014
Channel Partners,United States of America,Montana,Low,1142,500,1200,1370400,1342992,342600,10003.92,06-01-2014,6,June,2014
Government,United States of America,Montana,Low,1566,500,2000,3132000,3069360,1566000,15033.6,10-01-2014,10,October,2014
Channel Partners,Mexico,Montana,Low,690,500,1200,828000,811440,207000,6044.4,11-01-2014,11,November,2014
Enterprise,Mexico,Montana,Low,1660,500,12500,20750000,20335000,19920000,4150,11-01-2013,11,November,2013
Midmarket,Canada,Paseo,Low,2363,1000,1500,3544500,3473610,2363000,11106.1,02-01-2014,2,February,2014
Small Business,France,Paseo,Low,918,1000,30000,27540000,26989200,22950000,40392,05-01-2014,5,May,2014
Small Business,Germany,Paseo,Low,1728,1000,30000,51840000,50803200,43200000,76032,05-01-2014,5,May,2014
Channel Partners,United States of America,Paseo,Low,1142,1000,1200,1370400,1342992,342600,10003.92,06-01-2014,6,June,2014
Enterprise,Mexico,Paseo,Low,662,1000,12500,8275000,8109500,7944000,1655,06-01-2014,6,June,2014
Channel Partners,Canada,Paseo,Low,1295,1000,1200,1554000,1522920,388500,11344.2,10-01-2014,10,October,2014
Enterprise,Germany,Paseo,Low,809,1000,12500,10112500,9910250,9708000,2022.5,10-01-2013,10,October,2013
Enterprise,Mexico,Paseo,Low,2145,1000,12500,26812500,26276250,25740000,5362.5,10-01-2013,10,October,2013
Channel Partners,France,Paseo,Low,1785,1000,1200,2142000,2099160,535500,15636.6,11-01-2013,11,November,2013
Small Business,Canada,Paseo,Low,1916,1000,30000,57480000,56330400,47900000,84304,12-01-2014,12,December,2014
Government,Canada,Paseo,Low,2852,1000,35000,99820000,97823600,74152000,236716,12-01-2014,12,December,2014
Enterprise,Canada,Paseo,Low,2729,1000,12500,34112500,33430250,32748000,6822.5,12-01-2014,12,December,2014
Midmarket,United States of America,Paseo,Low,1925,1000,1500,2887500,2829750,1925000,9047.5,12-01-2013,12,December,2013
Government,United States of America,Paseo,Low,2013,1000,700,1409100,1380918,1006500,3744.18,12-01-2013,12,December,2013
Channel Partners,France,Paseo,Low,1055,1000,1200,1266000,1240680,316500,9241.8,12-01-2014,12,December,2014
Channel Partners,Mexico,Paseo,Low,1084,1000,1200,1300800,1274784,325200,9495.84,12-01-2014,12,December,2014
Government,United States of America,Velo,Low,1566,12000,2000,3132000,3069360,1566000,15033.6,10-01-2014,10,October,2014
Government,Germany,Velo,Low,2966,12000,35000,103810000,101733800,77116000,246178,10-01-2013,10,October,2013
Government,Germany,Velo,Low,2877,12000,35000,100695000,98681100,74802000,238791,10-01-2014,10,October,2014
Enterprise,Germany,Velo,Low,809,12000,12500,10112500,9910250,9708000,2022.5,10-01-2013,10,October,2013
Enterprise,Mexico,Velo,Low,2145,12000,12500,26812500,26276250,25740000,5362.5,10-01-2013,10,October,2013
Channel Partners,France,Velo,Low,1055,12000,1200,1266000,1240680,316500,9241.8,12-01-2014,12,December,2014
Government,Mexico,Velo,Low,544,12000,2000,1088000,1066240,544000,5222.4,12-01-2013,12,December,2013
Channel Partners,Mexico,Velo,Low,1084,12000,1200,1300800,1274784,325200,9495.84,12-01-2014,12,December,2014
Enterprise,Mexico,VTT,Low,662,25000,12500,8275000,8109500,7944000,1655,06-01-2014,6,June,2014
Small Business,Germany,VTT,Low,214,25000,30000,6420000,6291600,5350000,9416,10-01-2013,10,October,2013
Government,Germany,VTT,Low,2877,25000,35000,100695000,98681100,74802000,238791,10-01-2014,10,October,2014
Enterprise,Canada,VTT,Low,2729,25000,12500,34112500,33430250,32748000,6822.5,12-01-2014,12,December,2014
Government,United States of America,VTT,Low,266,25000,35000,9310000,9123800,6916000,22078,12-01-2013,12,December,2013
Government,Mexico,VTT,Low,1940,25000,35000,67900000,66542000,50440000,161020,12-01-2013,12,December,2013
Small Business,Germany,Amarilla,Low,259,26000,30000,7770000,7614600,6475000,11396,03-01-2014,3,March,2014
Small Business,Mexico,Amarilla,Low,1101,26000,30000,33030000,32369400,27525000,48444,03-01-2014,3,March,2014
Enterprise,Germany,Amarilla,Low,2276,26000,12500,28450000,27881000,27312000,5690,05-01-2014,5,May,2014
Government,Germany,Amarilla,Low,2966,26000,35000,103810000,101733800,77116000,246178,10-01-2013,10,October,2013
Government,United States of America,Amarilla,Low,1236,26000,2000,2472000,2422560,1236000,11865.6,11-01-2014,11,November,2014
Government,France,Amarilla,Low,941,26000,2000,1882000,1844360,941000,9033.6,11-01-2014,11,November,2014
Small Business,Canada,Amarilla,Low,1916,26000,30000,57480000,56330400,47900000,84304,12-01-2014,12,December,2014
Enterprise,France,Carretera,Low,4243.5,300,12500,53043750,51452438,50922000,5304.38,04-01-2014,4,April,2014
Government,Germany,Carretera,Low,2580,300,2000,5160000,5005200,2580000,24252,04-01-2014,4,April,2014
Small Business,Germany,Carretera,Low,689,300,30000,20670000,20049900,17225000,28249,06-01-2014,6,June,2014
Channel Partners,United States of America,Carretera,Low,1947,300,1200,2336400,2266308,584100,16822.08,09-01-2014,9,September,2014
Channel Partners,Canada,Carretera,Low,908,300,1200,1089600,1056912,272400,7845.12,12-01-2013,12,December,2013
Government,Germany,Montana,Low,1958,500,700,1370600,1329482,979000,3504.82,02-01-2014,2,February,2014
Channel Partners,France,Montana,Low,1901,500,1200,2281200,2212764,570300,16424.64,06-01-2014,6,June,2014
Government,France,Montana,Low,544,500,700,380800,369376,272000,973.76,09-01-2014,9,September,2014
Government,Germany,Montana,Low,1797,500,35000,62895000,61008150,46722000,142861.5,09-01-2013,9,September,2013
Enterprise,France,Montana,Low,1287,500,12500,16087500,15604875,15444000,1608.75,12-01-2014,12,December,2014
Enterprise,Germany,Montana,Low,1706,500,12500,21325000,20685250,20472000,2132.5,12-01-2014,12,December,2014
Small Business,France,Paseo,Low,2434.5,1000,30000,73035000,70843950,60862500,99814.5,01-01-2014,1,January,2014
Enterprise,Canada,Paseo,Low,1774,1000,12500,22175000,21509750,21288000,2217.5,03-01-2014,3,March,2014
Channel Partners,France,Paseo,Low,1901,1000,1200,2281200,2212764,570300,16424.64,06-01-2014,6,June,2014
Small Business,Germany,Paseo,Low,689,1000,30000,20670000,20049900,17225000,28249,06-01-2014,6,June,2014
Enterprise,Germany,Paseo,Low,1570,1000,12500,19625000,19036250,18840000,1962.5,06-01-2014,6,June,2014
Channel Partners,United States of America,Paseo,Low,1369.5,1000,1200,1643400,1594098,410850,11832.48,07-01-2014,7,July,2014
Enterprise,Canada,Paseo,Low,2009,1000,12500,25112500,24359125,24108000,2511.25,10-01-2014,10,October,2014
Midmarket,Germany,Paseo,Low,1945,1000,1500,2917500,2829975,1945000,8849.75,10-01-2013,10,October,2013
Enterprise,France,Paseo,Low,1287,1000,12500,16087500,15604875,15444000,1608.75,12-01-2014,12,December,2014
Enterprise,Germany,Paseo,Low,1706,1000,12500,21325000,20685250,20472000,2132.5,12-01-2014,12,December,2014
Enterprise,Canada,Velo,Low,2009,12000,12500,25112500,24359125,24108000,2511.25,10-01-2014,10,October,2014
Small Business,United States of America,VTT,Low,2844,25000,30000,85320000,82760400,71100000,116604,02-01-2014,2,February,2014
Channel Partners,Mexico,VTT,Low,1916,25000,1200,2299200,2230224,574800,16554.24,04-01-2014,4,April,2014
Enterprise,Germany,VTT,Low,1570,25000,12500,19625000,19036250,18840000,1962.5,06-01-2014,6,June,2014
Small Business,Canada,VTT,Low,1874,25000,30000,56220000,54533400,46850000,76834,08-01-2014,8,August,2014
Government,Mexico,VTT,Low,1642,25000,35000,57470000,55745900,42692000,130539,08-01-2014,8,August,2014
Midmarket,Germany,VTT,Low,1945,25000,1500,2917500,2829975,1945000,8849.75,10-01-2013,10,October,2013
Government,Canada,Carretera,Low,831,300,2000,1662000,1612140,831000,7811.4,05-01-2014,5,May,2014
Government,Mexico,Paseo,Low,1760,1000,700,1232000,1195040,880000,3150.4,09-01-2013,9,September,2013
Government,Canada,Velo,Low,3850.5,12000,2000,7701000,7469970,3850500,36194.7,04-01-2014,4,April,2014
Channel Partners,Germany,VTT,Low,2479,25000,1200,2974800,2885556,743700,21418.56,01-01-2014,1,January,2014
Midmarket,Mexico,Montana,Low,2031,500,1500,3046500,2924640,2031000,8936.4,10-01-2014,10,October,2014
Midmarket,Mexico,Paseo,Low,2031,1000,1500,3046500,2924640,2031000,8936.4,10-01-2014,10,October,2014
Midmarket,France,Paseo,Low,2261,1000,1500,3391500,3255840,2261000,9948.4,12-01-2013,12,December,2013
Government,United States of America,Velo,Low,736,12000,2000,1472000,1413120,736000,6771.2,09-01-2013,9,September,2013
Government,Canada,Carretera,Low,2851,300,700,1995700,1915872,1425500,4903.72,10-01-2013,10,October,2013
Small Business,Germany,Carretera,Low,2021,300,30000,60630000,58204800,50525000,76798,10-01-2014,10,October,2014
Government,United States of America,Carretera,Low,274,300,35000,9590000,9206400,7124000,20824,12-01-2014,12,December,2014
Midmarket,Canada,Montana,Low,1967,500,1500,2950500,2832480,1967000,8654.8,03-01-2014,3,March,2014
Small Business,Germany,Montana,Low,1859,500,30000,55770000,53539200,46475000,70642,08-01-2014,8,August,2014
Government,Canada,Montana,Low,2851,500,700,1995700,1915872,1425500,4903.72,10-01-2013,10,October,2013
Small Business,Germany,Montana,Low,2021,500,30000,60630000,58204800,50525000,76798,10-01-2014,10,October,2014
Enterprise,Mexico,Montana,Low,1138,500,12500,14225000,13656000,13656000, -,12-01-2014,12,December,2014
Government,Canada,Paseo,Low,4251,1000,700,2975700,2856672,2125500,7311.72,01-01-2014,1,January,2014
Enterprise,Germany,Paseo,Low,795,1000,12500,9937500,9540000,9540000, -,03-01-2014,3,March,2014
Small Business,Germany,Paseo,Low,1414.5,1000,30000,42435000,40737600,35362500,53751,04-01-2014,4,April,2014
Small Business,United States of America,Paseo,Low,2918,1000,30000,87540000,84038400,72950000,110884,05-01-2014,5,May,2014
Government,United States of America,Paseo,Low,3450,1000,35000,120750000,115920000,89700000,262200,07-01-2014,7,July,2014
Enterprise,France,Paseo,Low,2988,1000,12500,37350000,35856000,35856000, -,07-01-2014,7,July,2014
Midmarket,Canada,Paseo,Low,218,1000,1500,327000,313920,218000,959.2,09-01-2014,9,September,2014
Government,Canada,Paseo,Low,2074,1000,2000,4148000,3982080,2074000,19080.8,09-01-2014,9,September,2014
Government,United States of America,Paseo,Low,1056,1000,2000,2112000,2027520,1056000,9715.2,09-01-2014,9,September,2014
Midmarket,United States of America,Paseo,Low,671,1000,1500,1006500,966240,671000,2952.4,10-01-2013,10,October,2013
Midmarket,Mexico,Paseo,Low,1514,1000,1500,2271000,2180160,1514000,6661.6,10-01-2013,10,October,2013
Government,United States of America,Paseo,Low,274,1000,35000,9590000,9206400,7124000,20824,12-01-2014,12,December,2014
Enterprise,Mexico,Paseo,Low,1138,1000,12500,14225000,13656000,13656000, -,12-01-2014,12,December,2014
Channel Partners,United States of America,Velo,Low,1465,12000,1200,1758000,1687680,439500,12481.8,03-01-2014,3,March,2014
Government,Canada,Velo,Low,2646,12000,2000,5292000,5080320,2646000,24343.2,09-01-2013,9,September,2013
Government,France,Velo,Low,2177,12000,35000,76195000,73147200,56602000,165452,10-01-2014,10,October,2014
Channel Partners,France,VTT,Low,866,25000,1200,1039200,997632,259800,7378.32,05-01-2014,5,May,2014
Government,United States of America,VTT,Low,349,25000,35000,12215000,11726400,9074000,26524,09-01-2013,9,September,2013
Government,France,VTT,Low,2177,25000,35000,76195000,73147200,56602000,165452,10-01-2014,10,October,2014
Midmarket,Mexico,VTT,Low,1514,25000,1500,2271000,2180160,1514000,6661.6,10-01-2013,10,October,2013
Government,Mexico,Amarilla,Low,1865,26000,35000,65275000,62664000,48490000,141740,02-01-2014,2,February,2014
Enterprise,Mexico,Amarilla,Low,1074,26000,12500,13425000,12888000,12888000, -,04-01-2014,4,April,2014
Government,Germany,Amarilla,Low,1907,26000,35000,66745000,64075200,49582000,144932,09-01-2014,9,September,2014
Midmarket,United States of America,Amarilla,Low,671,26000,1500,1006500,966240,671000,2952.4,10-01-2013,10,October,2013
Government,Canada,Amarilla,Low,1778,26000,35000,62230000,59740800,46228000,135128,12-01-2013,12,December,2013
Government,Germany,Montana,Medium,1159,500,700,811300,770735,579500,1912.35,10-01-2013,10,October,2013
Government,Germany,Paseo,Medium,1372,1000,700,960400,912380,686000,2263.8,01-01-2014,1,January,2014
Government,Canada,Paseo,Medium,2349,1000,700,1644300,1562085,1174500,3875.85,09-01-2013,9,September,2013
Government,Mexico,Paseo,Medium,2689,1000,700,1882300,1788185,1344500,4436.85,10-01-2014,10,October,2014
Channel Partners,Canada,Paseo,Medium,2431,1000,1200,2917200,2771340,729300,20420.4,12-01-2014,12,December,2014
Channel Partners,Canada,Velo,Medium,2431,12000,1200,2917200,2771340,729300,20420.4,12-01-2014,12,December,2014
Government,Mexico,VTT,Medium,2689,25000,700,1882300,1788185,1344500,4436.85,10-01-2014,10,October,2014
Government,Mexico,Amarilla,Medium,1683,26000,700,1178100,1119195,841500,2776.95,07-01-2014,7,July,2014
Channel Partners,Mexico,Amarilla,Medium,1123,26000,1200,1347600,1280220,336900,9433.2,08-01-2014,8,August,2014
Government,Germany,Amarilla,Medium,1159,26000,700,811300,770735,579500,1912.35,10-01-2013,10,October,2013
Channel Partners,France,Carretera,Medium,1865,300,1200,2238000,2126100,559500,15666,02-01-2014,2,February,2014
Channel Partners,Germany,Carretera,Medium,1116,300,1200,1339200,1272240,334800,9374.4,02-01-2014,2,February,2014
Government,France,Carretera,Medium,1563,300,2000,3126000,2969700,1563000,14067,05-01-2014,5,May,2014
Small Business,United States of America,Carretera,Medium,991,300,30000,29730000,28243500,24775000,34685,06-01-2014,6,June,2014
Government,Germany,Carretera,Medium,1016,300,700,711200,675640,508000,1676.4,11-01-2013,11,November,2013
Midmarket,Mexico,Carretera,Medium,2791,300,1500,4186500,3977175,2791000,11861.75,11-01-2014,11,November,2014
Government,United States of America,Carretera,Medium,570,300,700,399000,379050,285000,940.5,12-01-2014,12,December,2014
Government,France,Carretera,Medium,2487,300,700,1740900,1653855,1243500,4103.55,12-01-2014,12,December,2014
Government,France,Montana,Medium,1384.5,500,35000,48457500,46034625,35997000,100376.25,01-01-2014,1,January,2014
Enterprise,United States of America,Montana,Medium,3627,500,12500,45337500,43070625,43524000,-4533.75,07-01-2014,7,July,2014
Government,Mexico,Montana,Medium,720,500,35000,25200000,23940000,18720000,52200,09-01-2013,9,September,2013
Channel Partners,Germany,Montana,Medium,2342,500,1200,2810400,2669880,702600,19672.8,11-01-2014,11,November,2014
Small Business,Mexico,Montana,Medium,1100,500,30000,33000000,31350000,27500000,38500,12-01-2013,12,December,2013
Government,France,Paseo,Medium,1303,1000,2000,2606000,2475700,1303000,11727,02-01-2014,2,February,2014
Enterprise,United States of America,Paseo,Medium,2992,1000,12500,37400000,35530000,35904000,-3740,03-01-2014,3,March,2014
Enterprise,France,Paseo,Medium,2385,1000,12500,29812500,28321875,28620000,-2981.25,03-01-2014,3,March,2014
Small Business,Mexico,Paseo,Medium,1607,1000,30000,48210000,45799500,40175000,56245,04-01-2014,4,April,2014
Government,United States of America,Paseo,Medium,2327,1000,700,1628900,1547455,1163500,3839.55,05-01-2014,5,May,2014
Small Business,United States of America,Paseo,Medium,991,1000,30000,29730000,28243500,24775000,34685,06-01-2014,6,June,2014
Government,United States of America,Paseo,Medium,602,1000,35000,21070000,20016500,15652000,43645,06-01-2014,6,June,2014
Midmarket,France,Paseo,Medium,2620,1000,1500,3930000,3733500,2620000,11135,09-01-2014,9,September,2014
Government,Canada,Paseo,Medium,1228,1000,35000,42980000,40831000,31928000,89030,10-01-2013,10,October,2013
Government,Canada,Paseo,Medium,1389,1000,2000,2778000,2639100,1389000,12501,10-01-2013,10,October,2013
Enterprise,United States of America,Paseo,Medium,861,1000,12500,10762500,10224375,10332000,-1076.25,10-01-2014,10,October,2014
Enterprise,France,Paseo,Medium,704,1000,12500,8800000,8360000,8448000,-880,10-01-2013,10,October,2013
Government,Canada,Paseo,Medium,1802,1000,2000,3604000,3423800,1802000,16218,12-01-2013,12,December,2013
Government,United States of America,Paseo,Medium,2663,1000,2000,5326000,5059700,2663000,23967,12-01-2014,12,December,2014
Government,France,Paseo,Medium,2136,1000,700,1495200,1420440,1068000,3524.4,12-01-2013,12,December,2013
Midmarket,Germany,Paseo,Medium,2116,1000,1500,3174000,3015300,2116000,8993,12-01-2013,12,December,2013
Midmarket,United States of America,Velo,Medium,555,12000,1500,832500,790875,555000,2358.75,01-01-2014,1,January,2014
Midmarket,Mexico,Velo,Medium,2861,12000,1500,4291500,4076925,2861000,12159.25,01-01-2014,1,January,2014
Enterprise,Germany,Velo,Medium,807,12000,12500,10087500,9583125,9684000,-1008.75,02-01-2014,2,February,2014
Government,United States of America,Velo,Medium,602,12000,35000,21070000,20016500,15652000,43645,06-01-2014,6,June,2014
Government,United States of America,Velo,Medium,2832,12000,2000,5664000,5380800,2832000,25488,08-01-2014,8,August,2014
Government,France,Velo,Medium,1579,12000,2000,3158000,3000100,1579000,14211,08-01-2014,8,August,2014
Enterprise,United States of America,Velo,Medium,861,12000,12500,10762500,10224375,10332000,-1076.25,10-01-2014,10,October,2014
Enterprise,France,Velo,Medium,704,12000,12500,8800000,8360000,8448000,-880,10-01-2013,10,October,2013
Government,France,Velo,Medium,1033,12000,2000,2066000,1962700,1033000,9297,12-01-2013,12,December,2013
Small Business,Germany,Velo,Medium,1250,12000,30000,37500000,35625000,31250000,43750,12-01-2014,12,December,2014
Government,Canada,VTT,Medium,1389,25000,2000,2778000,2639100,1389000,12501,10-01-2013,10,October,2013
Government,United States of America,VTT,Medium,1265,25000,2000,2530000,2403500,1265000,11385,11-01-2013,11,November,2013
Government,Germany,VTT,Medium,2297,25000,2000,4594000,4364300,2297000,20673,11-01-2013,11,November,2013
Government,United States of America,VTT,Medium,2663,25000,2000,5326000,5059700,2663000,23967,12-01-2014,12,December,2014
Government,United States of America,VTT,Medium,570,25000,700,399000,379050,285000,940.5,12-01-2014,12,December,2014
Government,France,VTT,Medium,2487,25000,700,1740900,1653855,1243500,4103.55,12-01-2014,12,December,2014
Government,Germany,Amarilla,Medium,1350,26000,35000,47250000,44887500,35100000,97875,02-01-2014,2,February,2014
Government,Canada,Amarilla,Medium,552,26000,35000,19320000,18354000,14352000,40020,08-01-2014,8,August,2014
Government,Canada,Amarilla,Medium,1228,26000,35000,42980000,40831000,31928000,89030,10-01-2013,10,October,2013
Small Business,Germany,Amarilla,Medium,1250,26000,30000,37500000,35625000,31250000,43750,12-01-2014,12,December,2014
Midmarket,France,Paseo,Medium,3801,1000,1500,5701500,5359410,3801000,15584.1,04-01-2014,4,April,2014
Government,United States of America,Carretera,Medium,1117.5,300,2000,2235000,2100900,1117500,9834,01-01-2014,1,January,2014
Midmarket,Canada,Carretera,Medium,2844,300,1500,4266000,4010040,2844000,11660.4,06-01-2014,6,June,2014
Channel Partners,Mexico,Carretera,Medium,562,300,1200,674400,633936,168600,4653.36,09-01-2014,9,September,2014
Channel Partners,Canada,Carretera,Medium,2299,300,1200,2758800,2593272,689700,19035.72,10-01-2013,10,October,2013
Midmarket,United States of America,Carretera,Medium,2030,300,1500,3045000,2862300,2030000,8323,11-01-2014,11,November,2014
Government,United States of America,Carretera,Medium,263,300,700,184100,173054,131500,415.54,11-01-2013,11,November,2013
Enterprise,Germany,Carretera,Medium,887,300,12500,11087500,10422250,10644000,-2217.5,12-01-2013,12,December,2013
Government,Mexico,Montana,Medium,980,500,35000,34300000,32242000,25480000,67620,04-01-2014,4,April,2014
Government,Germany,Montana,Medium,1460,500,35000,51100000,48034000,37960000,100740,05-01-2014,5,May,2014
Government,France,Montana,Medium,1403,500,700,982100,923174,701500,2216.74,10-01-2013,10,October,2013
Channel Partners,United States of America,Montana,Medium,2723,500,1200,3267600,3071544,816900,22546.44,11-01-2014,11,November,2014
Government,France,Paseo,Medium,1496,1000,35000,52360000,49218400,38896000,103224,06-01-2014,6,June,2014
Channel Partners,Canada,Paseo,Medium,2299,1000,1200,2758800,2593272,689700,19035.72,10-01-2013,10,October,2013
Government,United States of America,Paseo,Medium,727,1000,35000,25445000,23918300,18902000,50163,10-01-2013,10,October,2013
Enterprise,Canada,Velo,Medium,952,12000,12500,11900000,11186000,11424000,-2380,02-01-2014,2,February,2014
Enterprise,United States of America,Velo,Medium,2755,12000,12500,34437500,32371250,33060000,-6887.5,02-01-2014,2,February,2014
Midmarket,Germany,Velo,Medium,1530,12000,1500,2295000,2157300,1530000,6273,05-01-2014,5,May,2014
Government,France,Velo,Medium,1496,12000,35000,52360000,49218400,38896000,103224,06-01-2014,6,June,2014
Government,Mexico,Velo,Medium,1498,12000,700,1048600,985684,749000,2366.84,06-01-2014,6,June,2014
Small Business,France,Velo,Medium,1221,12000,30000,36630000,34432200,30525000,39072,10-01-2013,10,October,2013
Government,France,Velo,Medium,2076,12000,35000,72660000,68300400,53976000,143244,10-01-2013,10,October,2013
Midmarket,Canada,VTT,Medium,2844,25000,1500,4266000,4010040,2844000,11660.4,06-01-2014,6,June,2014
Government,Mexico,VTT,Medium,1498,25000,700,1048600,985684,749000,2366.84,06-01-2014,6,June,2014
Small Business,France,VTT,Medium,1221,25000,30000,36630000,34432200,30525000,39072,10-01-2013,10,October,2013
Government,Mexico,VTT,Medium,1123,25000,2000,2246000,2111240,1123000,9882.4,11-01-2013,11,November,2013
Small Business,Canada,VTT,Medium,2436,25000,30000,73080000,68695200,60900000,77952,12-01-2013,12,December,2013
Enterprise,France,Amarilla,Medium,1987.5,26000,12500,24843750,23353125,23850000,-4968.75,01-01-2014,1,January,2014
Government,Mexico,Amarilla,Medium,1679,26000,35000,58765000,55239100,43654000,115851,09-01-2014,9,September,2014
Government,United States of America,Amarilla,Medium,727,26000,35000,25445000,23918300,18902000,50163,10-01-2013,10,October,2013
Government,France,Amarilla,Medium,1403,26000,700,982100,923174,701500,2216.74,10-01-2013,10,October,2013
Government,France,Amarilla,Medium,2076,26000,35000,72660000,68300400,53976000,143244,10-01-2013,10,October,2013
Government,France,Montana,Medium,1757,500,2000,3514000,3303160,1757000,15461.6,10-01-2013,10,October,2013
Midmarket,United States of America,Paseo,Medium,2198,1000,1500,3297000,3099180,2198000,9011.8,08-01-2014,8,August,2014
Midmarket,Germany,Paseo,Medium,1743,1000,1500,2614500,2457630,1743000,7146.3,08-01-2014,8,August,2014
Midmarket,United States of America,Paseo,Medium,1153,1000,1500,1729500,1625730,1153000,4727.3,10-01-2014,10,October,2014
Government,France,Paseo,Medium,1757,1000,2000,3514000,3303160,1757000,15461.6,10-01-2013,10,October,2013
Government,Germany,Velo,Medium,1001,12000,2000,2002000,1881880,1001000,8808.8,08-01-2014,8,August,2014
Government,Mexico,Velo,Medium,1333,12000,700,933100,877114,666500,2106.14,11-01-2014,11,November,2014
Midmarket,United States of America,VTT,Medium,1153,25000,1500,1729500,1625730,1153000,4727.3,10-01-2014,10,October,2014
Channel Partners,Mexico,Carretera,Medium,727,300,1200,872400,811332,218100,5932.32,02-01-2014,2,February,2014
Channel Partners,Canada,Carretera,Medium,1884,300,1200,2260800,2102544,565200,15373.44,08-01-2014,8,August,2014
Government,Mexico,Carretera,Medium,1834,300,2000,3668000,3411240,1834000,15772.4,09-01-2013,9,September,2013
Channel Partners,Mexico,Montana,Medium,2340,500,1200,2808000,2611440,702000,19094.4,01-01-2014,1,January,2014
Channel Partners,France,Montana,Medium,2342,500,1200,2810400,2613672,702600,19110.72,11-01-2014,11,November,2014
Government,France,Paseo,Medium,1031,1000,700,721700,671181,515500,1556.81,09-01-2013,9,September,2013
Midmarket,Canada,Velo,Medium,1262,12000,1500,1893000,1760490,1262000,4984.9,05-01-2014,5,May,2014
Government,Canada,Velo,Medium,1135,12000,700,794500,738885,567500,1713.85,06-01-2014,6,June,2014
Government,United States of America,Velo,Medium,547,12000,700,382900,356097,273500,825.97,11-01-2014,11,November,2014
Government,Canada,Velo,Medium,1582,12000,700,1107400,1029882,791000,2388.82,12-01-2014,12,December,2014
Channel Partners,France,VTT,Medium,1738.5,25000,1200,2086200,1940166,521550,14186.16,04-01-2014,4,April,2014
Channel Partners,Germany,VTT,Medium,2215,25000,1200,2658000,2471940,664500,18074.4,09-01-2013,9,September,2013
Government,Canada,VTT,Medium,1582,25000,700,1107400,1029882,791000,2388.82,12-01-2014,12,December,2014
Government,Canada,Amarilla,Medium,1135,26000,700,794500,738885,567500,1713.85,06-01-2014,6,June,2014
Government,United States of America,Carretera,Medium,1761,300,35000,61635000,57320550,45786000,115345.5,03-01-2014,3,March,2014
Small Business,France,Carretera,Medium,448,300,30000,13440000,12499200,11200000,12992,06-01-2014,6,June,2014
Small Business,France,Carretera,Medium,2181,300,30000,65430000,60849900,54525000,63249,10-01-2014,10,October,2014
Government,France,Montana,Medium,1976,500,2000,3952000,3675360,1976000,16993.6,10-01-2014,10,October,2014
Small Business,France,Montana,Medium,2181,500,30000,65430000,60849900,54525000,63249,10-01-2014,10,October,2014
Enterprise,Germany,Montana,Medium,2500,500,12500,31250000,29062500,30000000,-9375,11-01-2013,11,November,2013
Small Business,Canada,Paseo,Medium,1702,1000,30000,51060000,47485800,42550000,49358,05-01-2014,5,May,2014
Small Business,France,Paseo,Medium,448,1000,30000,13440000,12499200,11200000,12992,06-01-2014,6,June,2014
Enterprise,Germany,Paseo,Medium,3513,1000,12500,43912500,40838625,42156000,-13173.75,07-01-2014,7,July,2014
Midmarket,France,Paseo,Medium,2101,1000,1500,3151500,2930895,2101000,8298.95,08-01-2014,8,August,2014
Midmarket,United States of America,Paseo,Medium,2931,1000,1500,4396500,4088745,2931000,11577.45,09-01-2013,9,September,2013
Government,France,Paseo,Medium,1535,1000,2000,3070000,2855100,1535000,13201,09-01-2014,9,September,2014
Small Business,Germany,Paseo,Medium,1123,1000,30000,33690000,31331700,28075000,32567,09-01-2013,9,September,2013
Small Business,Canada,Paseo,Medium,1404,1000,30000,42120000,39171600,35100000,40716,11-01-2013,11,November,2013
Channel Partners,Mexico,Paseo,Medium,2763,1000,1200,3315600,3083508,828900,22546.08,11-01-2013,11,November,2013
Government,Germany,Paseo,Medium,2125,1000,700,1487500,1383375,1062500,3208.75,12-01-2013,12,December,2013
Small Business,France,Velo,Medium,1659,12000,30000,49770000,46286100,41475000,48111,07-01-2014,7,July,2014
Government,Mexico,Velo,Medium,609,12000,2000,1218000,1132740,609000,5237.4,08-01-2014,8,August,2014
Enterprise,Germany,Velo,Medium,2087,12000,12500,26087500,24261375,25044000,-7826.25,09-01-2014,9,September,2014
Government,France,Velo,Medium,1976,12000,2000,3952000,3675360,1976000,16993.6,10-01-2014,10,October,2014
Government,United States of America,Velo,Medium,1421,12000,2000,2842000,2643060,1421000,12220.6,12-01-2013,12,December,2013
Small Business,United States of America,Velo,Medium,1372,12000,30000,41160000,38278800,34300000,39788,12-01-2014,12,December,2014
Government,Germany,Velo,Medium,588,12000,2000,1176000,1093680,588000,5056.8,12-01-2013,12,December,2013
Channel Partners,Canada,VTT,Medium,3244.5,25000,1200,3893400,3620862,973350,26475.12,01-01-2014,1,January,2014
Small Business,France,VTT,Medium,959,25000,30000,28770000,26756100,23975000,27811,02-01-2014,2,February,2014
Small Business,Mexico,VTT,Medium,2747,25000,30000,82410000,76641300,68675000,79663,02-01-2014,2,February,2014
Enterprise,Canada,Amarilla,Medium,1645,26000,12500,20562500,19123125,19740000,-6168.75,05-01-2014,5,May,2014
Government,France,Amarilla,Medium,2876,26000,35000,100660000,93613800,74776000,188378,09-01-2014,9,September,2014
Enterprise,Germany,Amarilla,Medium,994,26000,12500,12425000,11555250,11928000,-3727.5,09-01-2013,9,September,2013
Government,Canada,Amarilla,Medium,1118,26000,2000,2236000,2079480,1118000,9614.8,11-01-2014,11,November,2014
Small Business,United States of America,Amarilla,Medium,1372,26000,30000,41160000,38278800,34300000,39788,12-01-2014,12,December,2014
Government,Canada,Montana,Medium,488,500,700,341600,314272,244000,702.72,02-01-2014,2,February,2014
Government,United States of America,Montana,Medium,1282,500,2000,2564000,2358880,1282000,10768.8,06-01-2014,6,June,2014
Government,Canada,Paseo,Medium,257,1000,700,179900,165508,128500,370.08,05-01-2014,5,May,2014
Government,United States of America,Amarilla,Medium,1282,26000,2000,2564000,2358880,1282000,10768.8,06-01-2014,6,June,2014
Enterprise,Mexico,Carretera,Medium,1540,300,12500,19250000,17710000,18480000,-7700,08-01-2014,8,August,2014
Midmarket,France,Carretera,Medium,490,300,1500,735000,676200,490000,1862,11-01-2014,11,November,2014
Government,Mexico,Carretera,Medium,1362,300,35000,47670000,43856400,35412000,84444,12-01-2014,12,December,2014
Midmarket,France,Montana,Medium,2501,500,1500,3751500,3451380,2501000,9503.8,03-01-2014,3,March,2014
Government,Canada,Montana,Medium,708,500,2000,1416000,1302720,708000,5947.2,06-01-2014,6,June,2014
Government,Germany,Montana,Medium,645,500,2000,1290000,1186800,645000,5418,07-01-2014,7,July,2014
Small Business,France,Montana,Medium,1562,500,30000,46860000,43111200,39050000,40612,08-01-2014,8,August,2014
Small Business,Canada,Montana,Medium,1283,500,30000,38490000,35410800,32075000,33358,09-01-2013,9,September,2013
Midmarket,Germany,Montana,Medium,711,500,1500,1066500,981180,711000,2701.8,12-01-2014,12,December,2014
Enterprise,Mexico,Paseo,Medium,1114,1000,12500,13925000,12811000,13368000,-5570,03-01-2014,3,March,2014
Government,Germany,Paseo,Medium,1259,1000,700,881300,810796,629500,1812.96,04-01-2014,4,April,2014
Government,Germany,Paseo,Medium,1095,1000,700,766500,705180,547500,1576.8,05-01-2014,5,May,2014
Government,Germany,Paseo,Medium,1366,1000,2000,2732000,2513440,1366000,11474.4,06-01-2014,6,June,2014
Small Business,Mexico,Paseo,Medium,2460,1000,30000,73800000,67896000,61500000,63960,06-01-2014,6,June,2014
Government,United States of America,Paseo,Medium,678,1000,700,474600,436632,339000,976.32,08-01-2014,8,August,2014
Government,Germany,Paseo,Medium,1598,1000,700,1118600,1029112,799000,2301.12,08-01-2014,8,August,2014
Government,Germany,Paseo,Medium,2409,1000,700,1686300,1551396,1204500,3468.96,09-01-2013,9,September,2013
Government,Germany,Paseo,Medium,1934,1000,2000,3868000,3558560,1934000,16245.6,09-01-2014,9,September,2014
Government,Mexico,Paseo,Medium,2993,1000,2000,5986000,5507120,2993000,25141.2,09-01-2014,9,September,2014
Government,Germany,Paseo,Medium,2146,1000,35000,75110000,69101200,55796000,133052,11-01-2013,11,November,2013
Government,Mexico,Paseo,Medium,1946,1000,700,1362200,1253224,973000,2802.24,12-01-2013,12,December,2013
Government,Mexico,Paseo,Medium,1362,1000,35000,47670000,43856400,35412000,84444,12-01-2014,12,December,2014
Channel Partners,Canada,Velo,Medium,598,12000,1200,717600,660192,179400,4807.92,03-01-2014,3,March,2014
Government,United States of America,Velo,Medium,2907,12000,700,2034900,1872108,1453500,4186.08,06-01-2014,6,June,2014
Government,Germany,Velo,Medium,2338,12000,700,1636600,1505672,1169000,3366.72,06-01-2014,6,June,2014
Small Business,France,Velo,Medium,386,12000,30000,11580000,10653600,9650000,10036,11-01-2013,11,November,2013
Small Business,Mexico,Velo,Medium,635,12000,30000,19050000,17526000,15875000,16510,12-01-2014,12,December,2014
Government,France,VTT,Medium,574.5,25000,35000,20107500,18498900,14937000,35619,04-01-2014,4,April,2014
Government,Germany,VTT,Medium,2338,25000,700,1636600,1505672,1169000,3366.72,06-01-2014,6,June,2014
Government,France,VTT,Medium,381,25000,35000,13335000,12268200,9906000,23622,08-01-2014,8,August,2014
Government,Germany,VTT,Medium,422,25000,35000,14770000,13588400,10972000,26164,08-01-2014,8,August,2014
Small Business,Canada,VTT,Medium,2134,25000,30000,64020000,58898400,53350000,55484,09-01-2014,9,September,2014
Small Business,United States of America,VTT,Medium,808,25000,30000,24240000,22300800,20200000,21008,12-01-2013,12,December,2013
Government,Canada,Amarilla,Medium,708,26000,2000,1416000,1302720,708000,5947.2,06-01-2014,6,June,2014
Government,United States of America,Amarilla,Medium,2907,26000,700,2034900,1872108,1453500,4186.08,06-01-2014,6,June,2014
Government,Germany,Amarilla,Medium,1366,26000,2000,2732000,2513440,1366000,11474.4,06-01-2014,6,June,2014
Small Business,Mexico,Amarilla,Medium,2460,26000,30000,73800000,67896000,61500000,63960,06-01-2014,6,June,2014
Government,Germany,Amarilla,Medium,1520,26000,2000,3040000,2796800,1520000,12768,11-01-2014,11,November,2014
Midmarket,Germany,Amarilla,Medium,711,26000,1500,1066500,981180,711000,2701.8,12-01-2014,12,December,2014
Channel Partners,Mexico,Amarilla,Medium,1375,26000,1200,1650000,1518000,412500,11055,12-01-2013,12,December,2013
Small Business,Mexico,Amarilla,Medium,635,26000,30000,19050000,17526000,15875000,16510,12-01-2014,12,December,2014
Government,United States of America,VTT,Medium,436.5,25000,2000,873000,803160,436500,3666.6,07-01-2014,7,July,2014
Small Business,Canada,Carretera,Medium,1094,300,30000,32820000,29866200,27350000,25162,06-01-2014,6,June,2014
Channel Partners,Mexico,Carretera,Medium,367,300,1200,440400,400764,110100,2906.64,10-01-2013,10,October,2013
Small Business,Canada,Montana,Medium,3802.5,500,30000,114075000,103808250,95062500,87457.5,04-01-2014,4,April,2014
Government,France,Montana,Medium,1666,500,35000,58310000,53062100,43316000,97461,05-01-2014,5,May,2014
Small Business,France,Montana,Medium,322,500,30000,9660000,8790600,8050000,7406,09-01-2013,9,September,2013
Channel Partners,Canada,Montana,Medium,2321,500,1200,2785200,2534532,696300,18382.32,11-01-2014,11,November,2014
Enterprise,France,Montana,Medium,1857,500,12500,23212500,21123375,22284000,-11606.25,11-01-2013,11,November,2013
Government,Canada,Montana,Medium,1611,500,700,1127700,1026207,805500,2207.07,12-01-2013,12,December,2013
Enterprise,United States of America,Montana,Medium,2797,500,12500,34962500,31815875,33564000,-17481.25,12-01-2014,12,December,2014
Small Business,Germany,Montana,Medium,334,500,30000,10020000,9118200,8350000,7682,12-01-2013,12,December,2013
Small Business,Mexico,Paseo,Medium,2565,1000,30000,76950000,70024500,64125000,58995,01-01-2014,1,January,2014
Government,Mexico,Paseo,Medium,2417,1000,35000,84595000,76981450,62842000,141394.5,01-01-2014,1,January,2014
Midmarket,United States of America,Paseo,Medium,3675,1000,1500,5512500,5016375,3675000,13413.75,04-01-2014,4,April,2014
Small Business,Canada,Paseo,Medium,1094,1000,30000,32820000,29866200,27350000,25162,06-01-2014,6,June,2014
Midmarket,France,Paseo,Medium,1227,1000,1500,1840500,1674855,1227000,4478.55,10-01-2014,10,October,2014
Channel Partners,Mexico,Paseo,Medium,367,1000,1200,440400,400764,110100,2906.64,10-01-2013,10,October,2013
Small Business,France,Paseo,Medium,1324,1000,30000,39720000,36145200,33100000,30452,11-01-2014,11,November,2014
Channel Partners,Germany,Paseo,Medium,1775,1000,1200,2130000,1938300,532500,14058,11-01-2013,11,November,2013
Enterprise,United States of America,Paseo,Medium,2797,1000,12500,34962500,31815875,33564000,-17481.25,12-01-2014,12,December,2014
Midmarket,Mexico,Velo,Medium,245,12000,1500,367500,334425,245000,894.25,05-01-2014,5,May,2014
Small Business,Canada,Velo,Medium,3793.5,12000,30000,113805000,103562550,94837500,87250.5,07-01-2014,7,July,2014
Government,Germany,Velo,Medium,1307,12000,35000,45745000,41627950,33982000,76459.5,07-01-2014,7,July,2014
Enterprise,Canada,Velo,Medium,567,12000,12500,7087500,6449625,6804000,-3543.75,09-01-2014,9,September,2014
Enterprise,Mexico,Velo,Medium,2110,12000,12500,26375000,24001250,25320000,-13187.5,09-01-2014,9,September,2014
Government,Canada,Velo,Medium,1269,12000,35000,44415000,40417650,32994000,74236.5,10-01-2014,10,October,2014
Channel Partners,United States of America,VTT,Medium,1956,25000,1200,2347200,2135952,586800,15491.52,01-01-2014,1,January,2014
Small Business,Germany,VTT,Medium,2659,25000,30000,79770000,72590700,66475000,61157,02-01-2014,2,February,2014
Government,United States of America,VTT,Medium,1351.5,25000,35000,47302500,43045275,35139000,79062.75,04-01-2014,4,April,2014
Channel Partners,Germany,VTT,Medium,880,25000,1200,1056000,960960,264000,6969.6,05-01-2014,5,May,2014
Small Business,United States of America,VTT,Medium,1867,25000,30000,56010000,50969100,46675000,42941,09-01-2014,9,September,2014
Channel Partners,France,VTT,Medium,2234,25000,1200,2680800,2439528,670200,17693.28,09-01-2013,9,September,2013
Midmarket,France,VTT,Medium,1227,25000,1500,1840500,1674855,1227000,4478.55,10-01-2014,10,October,2014
Enterprise,Mexico,VTT,Medium,877,25000,12500,10962500,9975875,10524000,-5481.25,11-01-2014,11,November,2014
Government,United States of America,Amarilla,Medium,2071,26000,35000,72485000,65961350,53846000,121153.5,09-01-2014,9,September,2014
Government,Canada,Amarilla,Medium,1269,26000,35000,44415000,40417650,32994000,74236.5,10-01-2014,10,October,2014
Midmarket,Germany,Amarilla,Medium,970,26000,1500,1455000,1324050,970000,3540.5,11-01-2013,11,November,2013
Government,Mexico,Amarilla,Medium,1694,26000,2000,3388000,3083080,1694000,13890.8,11-01-2014,11,November,2014
Government,Germany,Carretera,Medium,663,300,2000,1326000,1206660,663000,5436.6,05-01-2014,5,May,2014
Government,Canada,Carretera,Medium,819,300,700,573300,521703,409500,1122.03,07-01-2014,7,July,2014
Channel Partners,Germany,Carretera,Medium,1580,300,1200,1896000,1725360,474000,12513.6,09-01-2014,9,September,2014
Government,Mexico,Carretera,Medium,521,300,700,364700,331877,260500,713.77,12-01-2014,12,December,2014
Government,United States of America,Paseo,Medium,973,1000,2000,1946000,1770860,973000,7978.6,03-01-2014,3,March,2014
Government,Mexico,Paseo,Medium,1038,1000,2000,2076000,1889160,1038000,8511.6,06-01-2014,6,June,2014
Government,Germany,Paseo,Medium,360,1000,700,252000,229320,180000,493.2,10-01-2014,10,October,2014
Channel Partners,France,Velo,Medium,1967,12000,1200,2360400,2147964,590100,15578.64,03-01-2014,3,March,2014
Midmarket,Mexico,Velo,Medium,2628,12000,1500,3942000,3587220,2628000,9592.2,04-01-2014,4,April,2014
Government,Germany,VTT,Medium,360,25000,700,252000,229320,180000,493.2,10-01-2014,10,October,2014
Government,France,VTT,Medium,2682,25000,2000,5364000,4881240,2682000,21992.4,11-01-2013,11,November,2013
Government,Mexico,VTT,Medium,521,25000,700,364700,331877,260500,713.77,12-01-2014,12,December,2014
Government,Mexico,Amarilla,Medium,1038,26000,2000,2076000,1889160,1038000,8511.6,06-01-2014,6,June,2014
Midmarket,Canada,Amarilla,Medium,1630.5,26000,1500,2445750,2225633,1630500,5951.33,07-01-2014,7,July,2014
Channel Partners,France,Amarilla,Medium,306,26000,1200,367200,334152,91800,2423.52,12-01-2013,12,December,2013
Channel Partners,United States of America,Carretera,High,386,300,1200,463200,416880,115800,3010.8,10-01-2013,10,October,2013
Government,United States of America,Montana,High,2328,500,700,1629600,1466640,1164000,3026.4,09-01-2014,9,September,2014
Channel Partners,United States of America,Paseo,High,386,1000,1200,463200,416880,115800,3010.8,10-01-2013,10,October,2013
Enterprise,United States of America,Carretera,High,3445.5,300,12500,43068750,38761875,41346000,-25841.25,04-01-2014,4,April,2014
Enterprise,France,Carretera,High,1482,300,12500,18525000,16672500,17784000,-11115,12-01-2013,12,December,2013
Government,United States of America,Montana,High,2313,500,35000,80955000,72859500,60138000,127215,05-01-2014,5,May,2014
Enterprise,United States of America,Montana,High,1804,500,12500,22550000,20295000,21648000,-13530,11-01-2013,11,November,2013
Midmarket,France,Montana,High,2072,500,1500,3108000,2797200,2072000,7252,12-01-2014,12,December,2014
Government,France,Paseo,High,1954,1000,2000,3908000,3517200,1954000,15632,03-01-2014,3,March,2014
Small Business,Mexico,Paseo,High,591,1000,30000,17730000,15957000,14775000,11820,05-01-2014,5,May,2014
Midmarket,France,Paseo,High,2167,1000,1500,3250500,2925450,2167000,7584.5,10-01-2013,10,October,2013
Government,Germany,Paseo,High,241,1000,2000,482000,433800,241000,1928,10-01-2014,10,October,2014
Midmarket,Germany,Velo,High,681,12000,1500,1021500,919350,681000,2383.5,01-01-2014,1,January,2014
Midmarket,Germany,Velo,High,510,12000,1500,765000,688500,510000,1785,04-01-2014,4,April,2014
Midmarket,United States of America,Velo,High,790,12000,1500,1185000,1066500,790000,2765,05-01-2014,5,May,2014
Government,France,Velo,High,639,12000,35000,22365000,20128500,16614000,35145,07-01-2014,7,July,2014
Enterprise,United States of America,Velo,High,1596,12000,12500,19950000,17955000,19152000,-11970,09-01-2014,9,September,2014
Small Business,United States of America,Velo,High,2294,12000,30000,68820000,61938000,57350000,45880,10-01-2013,10,October,2013
Government,Germany,Velo,High,241,12000,2000,482000,433800,241000,1928,10-01-2014,10,October,2014
Government,Germany,Velo,High,2665,12000,700,1865500,1678950,1332500,3464.5,11-01-2014,11,November,2014
Enterprise,Canada,Velo,High,1916,12000,12500,23950000,21555000,22992000,-14370,12-01-2013,12,December,2013
Small Business,France,Velo,High,853,12000,30000,25590000,23031000,21325000,17060,12-01-2014,12,December,2014
Enterprise,Mexico,VTT,High,341,25000,12500,4262500,3836250,4092000,-2557.5,05-01-2014,5,May,2014
Midmarket,Mexico,VTT,High,641,25000,1500,961500,865350,641000,2243.5,07-01-2014,7,July,2014
Government,United States of America,VTT,High,2807,25000,35000,98245000,88420500,72982000,154385,08-01-2014,8,August,2014
Small Business,Mexico,VTT,High,432,25000,30000,12960000,11664000,10800000,8640,09-01-2014,9,September,2014
Small Business,United States of America,VTT,High,2294,25000,30000,68820000,61938000,57350000,45880,10-01-2013,10,October,2013
Midmarket,France,VTT,High,2167,25000,1500,3250500,2925450,2167000,7584.5,10-01-2013,10,October,2013
Enterprise,Canada,VTT,High,2529,25000,12500,31612500,28451250,30348000,-18967.5,11-01-2014,11,November,2014
Government,Germany,VTT,High,1870,25000,35000,65450000,58905000,48620000,102850,12-01-2013,12,December,2013
Enterprise,United States of America,Amarilla,High,579,26000,12500,7237500,6513750,6948000,-4342.5,01-01-2014,1,January,2014
Government,Canada,Amarilla,High,2240,26000,35000,78400000,70560000,58240000,123200,02-01-2014,2,February,2014
Small Business,United States of America,Amarilla,High,2993,26000,30000,89790000,80811000,74825000,59860,03-01-2014,3,March,2014
Channel Partners,Canada,Amarilla,High,3520.5,26000,1200,4224600,3802140,1056150,27459.9,04-01-2014,4,April,2014
Government,Mexico,Amarilla,High,2039,26000,2000,4078000,3670200,2039000,16312,05-01-2014,5,May,2014
Channel Partners,Germany,Amarilla,High,2574,26000,1200,3088800,2779920,772200,20077.2,08-01-2014,8,August,2014
Government,Canada,Amarilla,High,707,26000,35000,24745000,22270500,18382000,38885,09-01-2014,9,September,2014
Midmarket,France,Amarilla,High,2072,26000,1500,3108000,2797200,2072000,7252,12-01-2014,12,December,2014
Small Business,France,Amarilla,High,853,26000,30000,25590000,23031000,21325000,17060,12-01-2014,12,December,2014
Channel Partners,France,Carretera,High,1198,300,1200,1437600,1279464,359400,9200.64,10-01-2013,10,October,2013
Government,France,Paseo,High,2532,1000,700,1772400,1577436,1266000,3114.36,04-01-2014,4,April,2014
Channel Partners,France,Paseo,High,1198,1000,1200,1437600,1279464,359400,9200.64,10-01-2013,10,October,2013
Midmarket,Canada,Velo,High,384,12000,1500,576000,512640,384000,1286.4,01-01-2014,1,January,2014
Channel Partners,Germany,Velo,High,472,12000,1200,566400,504096,141600,3624.96,10-01-2014,10,October,2014
Government,United States of America,VTT,High,1579,25000,700,1105300,983717,789500,1942.17,03-01-2014,3,March,2014
Channel Partners,Mexico,VTT,High,1005,25000,1200,1206000,1073340,301500,7718.4,09-01-2013,9,September,2013
Midmarket,United States of America,Amarilla,High,3199.5,26000,1500,4799250,4271333,3199500,10718.33,07-01-2014,7,July,2014
Channel Partners,Germany,Amarilla,High,472,26000,1200,566400,504096,141600,3624.96,10-01-2014,10,October,2014
Channel Partners,Canada,Carretera,High,1937,300,1200,2324400,2068716,581100,14876.16,02-01-2014,2,February,2014
Government,Germany,Carretera,High,792,300,35000,27720000,24670800,20592000,40788,03-01-2014,3,March,2014
Small Business,Germany,Carretera,High,2811,300,30000,84330000,75053700,70275000,47787,07-01-2014,7,July,2014
Enterprise,France,Carretera,High,2441,300,12500,30512500,27156125,29292000,-21358.75,10-01-2014,10,October,2014
Midmarket,Canada,Carretera,High,1560,300,1500,2340000,2082600,1560000,5226,11-01-2013,11,November,2013
Government,Mexico,Carretera,High,2706,300,700,1894200,1685838,1353000,3328.38,11-01-2013,11,November,2013
Government,Germany,Montana,High,766,500,35000,26810000,23860900,19916000,39449,01-01-2014,1,January,2014
Government,Germany,Montana,High,2992,500,2000,5984000,5325760,2992000,23337.6,10-01-2013,10,October,2013
Midmarket,Mexico,Montana,High,2157,500,1500,3235500,2879595,2157000,7225.95,12-01-2014,12,December,2014
Small Business,Canada,Paseo,High,873,1000,30000,26190000,23309100,21825000,14841,01-01-2014,1,January,2014
Government,Mexico,Paseo,High,1122,1000,2000,2244000,1997160,1122000,8751.6,03-01-2014,3,March,2014
Government,Canada,Paseo,High,2104.5,1000,35000,73657500,65555175,54717000,108381.75,07-01-2014,7,July,2014
Channel Partners,Canada,Paseo,High,4026,1000,1200,4831200,4299768,1207800,30919.68,07-01-2014,7,July,2014
Channel Partners,France,Paseo,High,2425.5,1000,1200,2910600,2590434,727650,18627.84,07-01-2014,7,July,2014
Government,Canada,Paseo,High,2394,1000,2000,4788000,4261320,2394000,18673.2,08-01-2014,8,August,2014
Midmarket,Mexico,Paseo,High,1984,1000,1500,2976000,2648640,1984000,6646.4,08-01-2014,8,August,2014
Enterprise,France,Paseo,High,2441,1000,12500,30512500,27156125,29292000,-21358.75,10-01-2014,10,October,2014
Government,Germany,Paseo,High,2992,1000,2000,5984000,5325760,2992000,23337.6,10-01-2013,10,October,2013
Small Business,Canada,Paseo,High,1366,1000,30000,40980000,36472200,34150000,23222,11-01-2014,11,November,2014
Government,France,Velo,High,2805,12000,2000,5610000,4992900,2805000,21879,09-01-2013,9,September,2013
Midmarket,Mexico,Velo,High,655,12000,1500,982500,874425,655000,2194.25,09-01-2013,9,September,2013
Government,Mexico,Velo,High,344,12000,35000,12040000,10715600,8944000,17716,10-01-2013,10,October,2013
Government,Canada,Velo,High,1808,12000,700,1265600,1126384,904000,2223.84,11-01-2014,11,November,2014
Channel Partners,France,VTT,High,1734,25000,1200,2080800,1851912,520200,13317.12,01-01-2014,1,January,2014
Enterprise,Mexico,VTT,High,554,25000,12500,6925000,6163250,6648000,-4847.5,01-01-2014,1,January,2014
Government,Canada,VTT,High,2935,25000,2000,5870000,5224300,2935000,22893,11-01-2013,11,November,2013
Enterprise,Germany,Amarilla,High,3165,26000,12500,39562500,35210625,37980000,-27693.75,01-01-2014,1,January,2014
Government,Mexico,Amarilla,High,2629,26000,2000,5258000,4679620,2629000,20506.2,01-01-2014,1,January,2014
Enterprise,France,Amarilla,High,1433,26000,12500,17912500,15942125,17196000,-12538.75,05-01-2014,5,May,2014
Enterprise,Mexico,Amarilla,High,947,26000,12500,11837500,10535375,11364000,-8286.25,09-01-2013,9,September,2013
Government,Mexico,Amarilla,High,344,26000,35000,12040000,10715600,8944000,17716,10-01-2013,10,October,2013
Midmarket,Mexico,Amarilla,High,2157,26000,1500,3235500,2879595,2157000,7225.95,12-01-2014,12,December,2014
Government,United States of America,Paseo,High,380,1000,700,266000,236740,190000,467.4,09-01-2013,9,September,2013
Government,Mexico,Carretera,High,886,300,35000,31010000,27288800,23036000,42528,06-01-2014,6,June,2014
Enterprise,Canada,Carretera,High,2416,300,12500,30200000,26576000,28992000,-24160,09-01-2013,9,September,2013
Enterprise,Mexico,Carretera,High,2156,300,12500,26950000,23716000,25872000,-21560,10-01-2014,10,October,2014
Midmarket,Canada,Carretera,High,2689,300,1500,4033500,3549480,2689000,8604.8,11-01-2014,11,November,2014
Midmarket,United States of America,Montana,High,677,500,1500,1015500,893640,677000,2166.4,03-01-2014,3,March,2014
Small Business,France,Montana,High,1773,500,30000,53190000,46807200,44325000,24822,04-01-2014,4,April,2014
Government,Mexico,Montana,High,2420,500,700,1694000,1490720,1210000,2807.2,09-01-2014,9,September,2014
Government,Canada,Montana,High,2734,500,700,1913800,1684144,1367000,3171.44,10-01-2014,10,October,2014
Government,Mexico,Montana,High,1715,500,2000,3430000,3018400,1715000,13034,10-01-2013,10,October,2013
Small Business,France,Montana,High,1186,500,30000,35580000,31310400,29650000,16604,12-01-2013,12,December,2013
Small Business,United States of America,Paseo,High,3495,1000,30000,104850000,92268000,87375000,48930,01-01-2014,1,January,2014
Government,Mexico,Paseo,High,886,1000,35000,31010000,27288800,23036000,42528,06-01-2014,6,June,2014
Enterprise,Mexico,Paseo,High,2156,1000,12500,26950000,23716000,25872000,-21560,10-01-2014,10,October,2014
Government,Mexico,Paseo,High,905,1000,2000,1810000,1592800,905000,6878,10-01-2014,10,October,2014
Government,Mexico,Paseo,High,1715,1000,2000,3430000,3018400,1715000,13034,10-01-2013,10,October,2013
Government,France,Paseo,High,1594,1000,35000,55790000,49095200,41444000,76512,11-01-2014,11,November,2014
Small Business,Germany,Paseo,High,1359,1000,30000,40770000,35877600,33975000,19026,11-01-2014,11,November,2014
Small Business,Mexico,Paseo,High,2150,1000,30000,64500000,56760000,53750000,30100,11-01-2014,11,November,2014
Government,Mexico,Paseo,High,1197,1000,35000,41895000,36867600,31122000,57456,11-01-2014,11,November,2014
Midmarket,Mexico,Paseo,High,380,1000,1500,570000,501600,380000,1216,12-01-2013,12,December,2013
Government,Mexico,Paseo,High,1233,1000,2000,2466000,2170080,1233000,9370.8,12-01-2014,12,December,2014
Government,Mexico,Velo,High,1395,12000,35000,48825000,42966000,36270000,66960,07-01-2014,7,July,2014
Government,United States of America,Velo,High,986,12000,35000,34510000,30368800,25636000,47328,10-01-2014,10,October,2014
Government,Mexico,Velo,High,905,12000,2000,1810000,1592800,905000,6878,10-01-2014,10,October,2014
Channel Partners,Canada,VTT,High,2109,25000,1200,2530800,2227104,632700,15944.04,05-01-2014,5,May,2014
Midmarket,France,VTT,High,3874.5,25000,1500,5811750,5114340,3874500,12398.4,07-01-2014,7,July,2014
Government,Canada,VTT,High,623,25000,35000,21805000,19188400,16198000,29904,09-01-2013,9,September,2013
Government,United States of America,VTT,High,986,25000,35000,34510000,30368800,25636000,47328,10-01-2014,10,October,2014
Enterprise,United States of America,VTT,High,2387,25000,12500,29837500,26257000,28644000,-23870,11-01-2014,11,November,2014
Government,Mexico,VTT,High,1233,25000,2000,2466000,2170080,1233000,9370.8,12-01-2014,12,December,2014
Government,United States of America,Amarilla,High,270,26000,35000,9450000,8316000,7020000,12960,02-01-2014,2,February,2014
Government,France,Amarilla,High,3421.5,26000,700,2395050,2107644,1710750,3968.94,07-01-2014,7,July,2014
Government,Canada,Amarilla,High,2734,26000,700,1913800,1684144,1367000,3171.44,10-01-2014,10,October,2014
Midmarket,United States of America,Amarilla,High,2548,26000,1500,3822000,3363360,2548000,8153.6,11-01-2013,11,November,2013
Government,France,Carretera,High,2521.5,300,2000,5043000,4437840,2521500,19163.4,01-01-2014,1,January,2014
Channel Partners,Mexico,Montana,High,2661,500,1200,3193200,2810016,798300,20117.16,05-01-2014,5,May,2014
Government,Germany,Paseo,High,1531,1000,2000,3062000,2694560,1531000,11635.6,12-01-2014,12,December,2014
Government,France,VTT,High,1491,25000,700,1043700,918456,745500,1729.56,03-01-2014,3,March,2014
Government,Germany,VTT,High,1531,25000,2000,3062000,2694560,1531000,11635.6,12-01-2014,12,December,2014
Channel Partners,Canada,Amarilla,High,2761,26000,1200,3313200,2915616,828300,20873.16,09-01-2013,9,September,2013
Midmarket,United States of America,Carretera,High,2567,300,1500,3850500,3349935,2567000,7829.35,06-01-2014,6,June,2014
Midmarket,United States of America,VTT,High,2567,25000,1500,3850500,3349935,2567000,7829.35,06-01-2014,6,June,2014
Government,Canada,Carretera,High,923,300,35000,32305000,28105350,23998000,41073.5,03-01-2014,3,March,2014
Government,France,Carretera,High,1790,300,35000,62650000,54505500,46540000,79655,03-01-2014,3,March,2014
Government,Germany,Carretera,High,442,300,2000,884000,769080,442000,3270.8,09-01-2013,9,September,2013
Government,United States of America,Montana,High,982.5,500,35000,34387500,29917125,25545000,43721.25,01-01-2014,1,January,2014
Government,United States of America,Montana,High,1298,500,700,908600,790482,649000,1414.82,02-01-2014,2,February,2014
Channel Partners,Mexico,Montana,High,604,500,1200,724800,630576,181200,4493.76,06-01-2014,6,June,2014
Government,Mexico,Montana,High,2255,500,2000,4510000,3923700,2255000,16687,07-01-2014,7,July,2014
Government,Canada,Montana,High,1249,500,2000,2498000,2173260,1249000,9242.6,10-01-2014,10,October,2014
Government,United States of America,Paseo,High,1438.5,1000,700,1006950,876047,719250,1567.97,01-01-2014,1,January,2014
Small Business,Germany,Paseo,High,807,1000,30000,24210000,21062700,20175000,8877,01-01-2014,1,January,2014
Government,United States of America,Paseo,High,2641,1000,2000,5282000,4595340,2641000,19543.4,02-01-2014,2,February,2014
Government,Germany,Paseo,High,2708,1000,2000,5416000,4711920,2708000,20039.2,02-01-2014,2,February,2014
Government,Canada,Paseo,High,2632,1000,35000,92120000,80144400,68432000,117124,06-01-2014,6,June,2014
Enterprise,Canada,Paseo,High,1583,1000,12500,19787500,17215125,18996000,-17808.75,06-01-2014,6,June,2014
Channel Partners,Mexico,Paseo,High,571,1000,1200,685200,596124,171300,4248.24,07-01-2014,7,July,2014
Government,France,Paseo,High,2696,1000,700,1887200,1641864,1348000,2938.64,08-01-2014,8,August,2014
Midmarket,Canada,Paseo,High,1565,1000,1500,2347500,2042325,1565000,4773.25,10-01-2014,10,October,2014
Government,Canada,Paseo,High,1249,1000,2000,2498000,2173260,1249000,9242.6,10-01-2014,10,October,2014
Government,Germany,Paseo,High,357,1000,35000,12495000,10870650,9282000,15886.5,11-01-2014,11,November,2014
Channel Partners,Germany,Paseo,High,1013,1000,1200,1215600,1057572,303900,7536.72,12-01-2014,12,December,2014
Midmarket,France,Velo,High,3997.5,12000,1500,5996250,5216738,3997500,12192.38,01-01-2014,1,January,2014
Government,Canada,Velo,High,2632,12000,35000,92120000,80144400,68432000,117124,06-01-2014,6,June,2014
Government,France,Velo,High,1190,12000,700,833000,724710,595000,1297.1,06-01-2014,6,June,2014
Channel Partners,Mexico,Velo,High,604,12000,1200,724800,630576,181200,4493.76,06-01-2014,6,June,2014
Midmarket,Germany,Velo,High,660,12000,1500,990000,861300,660000,2013,09-01-2013,9,September,2013
Channel Partners,Mexico,Velo,High,410,12000,1200,492000,428040,123000,3050.4,10-01-2014,10,October,2014
Small Business,Mexico,Velo,High,2605,12000,30000,78150000,67990500,65125000,28655,11-01-2013,11,November,2013
Channel Partners,Germany,Velo,High,1013,12000,1200,1215600,1057572,303900,7536.72,12-01-2014,12,December,2014
Enterprise,Canada,VTT,High,1583,25000,12500,19787500,17215125,18996000,-17808.75,06-01-2014,6,June,2014
Midmarket,Canada,VTT,High,1565,25000,1500,2347500,2042325,1565000,4773.25,10-01-2014,10,October,2014
Enterprise,Canada,Amarilla,High,1659,26000,12500,20737500,18041625,19908000,-18663.75,01-01-2014,1,January,2014
Government,France,Amarilla,High,1190,26000,700,833000,724710,595000,1297.1,06-01-2014,6,June,2014
Channel Partners,Mexico,Amarilla,High,410,26000,1200,492000,428040,123000,3050.4,10-01-2014,10,October,2014
Channel Partners,Germany,Amarilla,High,1770,26000,1200,2124000,1847880,531000,13168.8,12-01-2013,12,December,2013
Government,Mexico,Carretera,High,2579,300,2000,5158000,4435880,2579000,18568.8,04-01-2014,4,April,2014
Government,United States of America,Carretera,High,1743,300,2000,3486000,2997960,1743000,12549.6,05-01-2014,5,May,2014
Government,United States of America,Carretera,High,2996,300,700,2097200,1803592,1498000,3055.92,10-01-2013,10,October,2013
Government,Germany,Carretera,High,280,300,700,196000,168560,140000,285.6,12-01-2014,12,December,2014
Government,France,Montana,High,293,500,700,205100,176386,146500,298.86,02-01-2014,2,February,2014
Government,United States of America,Montana,High,2996,500,700,2097200,1803592,1498000,3055.92,10-01-2013,10,October,2013
Midmarket,Germany,Paseo,High,278,1000,1500,417000,358620,278000,806.2,02-01-2014,2,February,2014
Government,Canada,Paseo,High,2428,1000,2000,4856000,4176160,2428000,17481.6,03-01-2014,3,March,2014
Midmarket,United States of America,Paseo,High,1767,1000,1500,2650500,2279430,1767000,5124.3,09-01-2014,9,September,2014
Channel Partners,France,Paseo,High,1393,1000,1200,1671600,1437576,417900,10196.76,10-01-2014,10,October,2014
Government,Germany,VTT,High,280,25000,700,196000,168560,140000,285.6,12-01-2014,12,December,2014
Channel Partners,France,Amarilla,High,1393,26000,1200,1671600,1437576,417900,10196.76,10-01-2014,10,October,2014
Channel Partners,United States of America,Amarilla,High,2015,26000,1200,2418000,2079480,604500,14749.8,12-01-2013,12,December,2013
Small Business,Mexico,Carretera,High,801,300,30000,24030000,20665800,20025000,6408,07-01-2014,7,July,2014
Enterprise,France,Carretera,High,1023,300,12500,12787500,10997250,12276000,-12787.5,09-01-2013,9,September,2013
Small Business,Canada,Carretera,High,1496,300,30000,44880000,38596800,37400000,11968,10-01-2014,10,October,2014
Small Business,United States of America,Carretera,High,1010,300,30000,30300000,26058000,25250000,8080,10-01-2014,10,October,2014
Midmarket,Germany,Carretera,High,1513,300,1500,2269500,1951770,1513000,4387.7,11-01-2014,11,November,2014
Midmarket,Canada,Carretera,High,2300,300,1500,3450000,2967000,2300000,6670,12-01-2014,12,December,2014
Enterprise,Mexico,Carretera,High,2821,300,12500,35262500,30325750,33852000,-35262.5,12-01-2013,12,December,2013
Government,Canada,Montana,High,2227.5,500,35000,77962500,67047750,57915000,91327.5,01-01-2014,1,January,2014
Government,Germany,Montana,High,1199,500,35000,41965000,36089900,31174000,49159,04-01-2014,4,April,2014
Government,Canada,Montana,High,200,500,35000,7000000,6020000,5200000,8200,05-01-2014,5,May,2014
Government,Canada,Montana,High,388,500,700,271600,233576,194000,395.76,09-01-2014,9,September,2014
Government,Mexico,Montana,High,1727,500,700,1208900,1039654,863500,1761.54,10-01-2013,10,October,2013
Midmarket,Canada,Montana,High,2300,500,1500,3450000,2967000,2300000,6670,12-01-2014,12,December,2014
Government,Mexico,Paseo,High,260,1000,2000,520000,447200,260000,1872,02-01-2014,2,February,2014
Midmarket,Canada,Paseo,High,2470,1000,1500,3705000,3186300,2470000,7163,09-01-2013,9,September,2013
Midmarket,Canada,Paseo,High,1743,1000,1500,2614500,2248470,1743000,5054.7,10-01-2013,10,October,2013
Channel Partners,United States of America,Paseo,High,2914,1000,1200,3496800,3007248,874200,21330.48,10-01-2014,10,October,2014
Government,France,Paseo,High,1731,1000,700,1211700,1042062,865500,1765.62,10-01-2014,10,October,2014
Government,Canada,Paseo,High,700,1000,35000,24500000,21070000,18200000,28700,11-01-2014,11,November,2014
Channel Partners,Canada,Paseo,High,2222,1000,1200,2666400,2293104,666600,16265.04,11-01-2013,11,November,2013
Government,United States of America,Paseo,High,1177,1000,35000,41195000,35427700,30602000,48257,11-01-2014,11,November,2014
Government,France,Paseo,High,1922,1000,35000,67270000,57852200,49972000,78802,11-01-2013,11,November,2013
Enterprise,Mexico,Velo,High,1575,12000,12500,19687500,16931250,18900000,-19687.5,02-01-2014,2,February,2014
Government,United States of America,Velo,High,606,12000,2000,1212000,1042320,606000,4363.2,04-01-2014,4,April,2014
Small Business,United States of America,Velo,High,2460,12000,30000,73800000,63468000,61500000,19680,07-01-2014,7,July,2014
Small Business,Canada,Velo,High,269,12000,30000,8070000,6940200,6725000,2152,10-01-2013,10,October,2013
Small Business,Germany,Velo,High,2536,12000,30000,76080000,65428800,63400000,20288,11-01-2013,11,November,2013
Government,Mexico,VTT,High,2903,25000,700,2032100,1747606,1451500,2961.06,03-01-2014,3,March,2014
Small Business,United States of America,VTT,High,2541,25000,30000,76230000,65557800,63525000,20328,08-01-2014,8,August,2014
Small Business,Canada,VTT,High,269,25000,30000,8070000,6940200,6725000,2152,10-01-2013,10,October,2013
Small Business,Canada,VTT,High,1496,25000,30000,44880000,38596800,37400000,11968,10-01-2014,10,October,2014
Small Business,United States of America,VTT,High,1010,25000,30000,30300000,26058000,25250000,8080,10-01-2014,10,October,2014
Government,France,VTT,High,1281,25000,35000,44835000,38558100,33306000,52521,12-01-2013,12,December,2013
Small Business,Canada,Amarilla,High,888,26000,30000,26640000,22910400,22200000,7104,03-01-2014,3,March,2014
Enterprise,United States of America,Amarilla,High,2844,26000,12500,35550000,30573000,34128000,-35550,05-01-2014,5,May,2014
Channel Partners,France,Amarilla,High,2475,26000,1200,2970000,2554200,742500,18117,08-01-2014,8,August,2014
Midmarket,Canada,Amarilla,High,1743,26000,1500,2614500,2248470,1743000,5054.7,10-01-2013,10,October,2013
Channel Partners,United States of America,Amarilla,High,2914,26000,1200,3496800,3007248,874200,21330.48,10-01-2014,10,October,2014
Government,France,Amarilla,High,1731,26000,700,1211700,1042062,865500,1765.62,10-01-2014,10,October,2014
Government,Mexico,Amarilla,High,1727,26000,700,1208900,1039654,863500,1761.54,10-01-2013,10,October,2013
Midmarket,Mexico,Amarilla,High,1870,26000,1500,2805000,2412300,1870000,5423,11-01-2013,11,November,2013
Enterprise,France,Carretera,High,1174,300,12500,14675000,12473750,14088000,-16142.5,08-01-2014,8,August,2014
Enterprise,Germany,Carretera,High,2767,300,12500,34587500,29399375,33204000,-38046.25,08-01-2014,8,August,2014
Enterprise,Germany,Carretera,High,1085,300,12500,13562500,11528125,13020000,-14918.75,10-01-2014,10,October,2014
Small Business,Mexico,Montana,High,546,500,30000,16380000,13923000,13650000,2730,10-01-2014,10,October,2014
Government,Germany,Paseo,High,1158,1000,2000,2316000,1968600,1158000,8106,03-01-2014,3,March,2014
Midmarket,Canada,Paseo,High,1614,1000,1500,2421000,2057850,1614000,4438.5,04-01-2014,4,April,2014
Government,Mexico,Paseo,High,2535,1000,700,1774500,1508325,1267500,2408.25,04-01-2014,4,April,2014
Government,Mexico,Paseo,High,2851,1000,35000,99785000,84817250,74126000,106912.5,05-01-2014,5,May,2014
Midmarket,Canada,Paseo,High,2559,1000,1500,3838500,3262725,2559000,7037.25,08-01-2014,8,August,2014
Government,United States of America,Paseo,High,267,1000,2000,534000,453900,267000,1869,10-01-2013,10,October,2013
Enterprise,Germany,Paseo,High,1085,1000,12500,13562500,11528125,13020000,-14918.75,10-01-2014,10,October,2014
Midmarket,Germany,Paseo,High,1175,1000,1500,1762500,1498125,1175000,3231.25,10-01-2014,10,October,2014
Government,United States of America,Paseo,High,2007,1000,35000,70245000,59708250,52182000,75262.5,11-01-2013,11,November,2013
Government,Mexico,Paseo,High,2151,1000,35000,75285000,63992250,55926000,80662.5,11-01-2013,11,November,2013
Channel Partners,United States of America,Paseo,High,914,1000,1200,1096800,932280,274200,6580.8,12-01-2014,12,December,2014
Government,France,Paseo,High,293,1000,2000,586000,498100,293000,2051,12-01-2014,12,December,2014
Channel Partners,Mexico,Velo,High,500,12000,1200,600000,510000,150000,3600,03-01-2014,3,March,2014
Midmarket,France,Velo,High,2826,12000,1500,4239000,3603150,2826000,7771.5,05-01-2014,5,May,2014
Enterprise,France,Velo,High,663,12000,12500,8287500,7044375,7956000,-9116.25,09-01-2014,9,September,2014
Small Business,United States of America,Velo,High,2574,12000,30000,77220000,65637000,64350000,12870,11-01-2013,11,November,2013
Enterprise,United States of America,Velo,High,2438,12000,12500,30475000,25903750,29256000,-33522.5,12-01-2013,12,December,2013
Channel Partners,United States of America,Velo,High,914,12000,1200,1096800,932280,274200,6580.8,12-01-2014,12,December,2014
Government,Canada,VTT,High,865.5,25000,2000,1731000,1471350,865500,6058.5,07-01-2014,7,July,2014
Midmarket,Germany,VTT,High,492,25000,1500,738000,627300,492000,1353,07-01-2014,7,July,2014
Government,United States of America,VTT,High,267,25000,2000,534000,453900,267000,1869,10-01-2013,10,October,2013
Midmarket,Germany,VTT,High,1175,25000,1500,1762500,1498125,1175000,3231.25,10-01-2014,10,October,2014
Enterprise,Canada,VTT,High,2954,25000,12500,36925000,31386250,35448000,-40617.5,11-01-2013,11,November,2013
Enterprise,Germany,VTT,High,552,25000,12500,6900000,5865000,6624000,-7590,11-01-2014,11,November,2014
Government,France,VTT,High,293,25000,2000,586000,498100,293000,2051,12-01-2014,12,December,2014
Small Business,France,Amarilla,High,2475,26000,30000,74250000,63112500,61875000,12375,03-01-2014,3,March,2014
Small Business,Mexico,Amarilla,High,546,26000,30000,16380000,13923000,13650000,2730,10-01-2014,10,October,2014
Government,Mexico,Montana,High,1368,500,700,957600,813960,684000,1299.6,02-01-2014,2,February,2014
Government,Canada,Paseo,High,723,1000,700,506100,430185,361500,686.85,04-01-2014,4,April,2014
Channel Partners,United States of America,VTT,High,1806,25000,1200,2167200,1842120,541800,13003.2,05-01-2014,5,May,2014
